{
  "project_info": {
    "project_number": "449137705434",
    "firebase_url": "https://breathalyzerdata.firebaseio.com",
    "project_id": "breathalyzerdata",
    "storage_bucket": "breathalyzerdata.appspot.com"
  },
  "client": [
    {
      "client_info": {
        "mobilesdk_app_id": "1:449137705434:android:e3ec56a1a8b595bf",
        "android_client_info": {
          "package_name": "com.example.splashandlogin"
        }
      },
      "oauth_client": [
        {
          "client_id": "449137705434-reoa38raddq6d18vlb0kdarn41mfqgfu.apps.googleusercontent.com",
          "client_type": 1,
          "android_info": {
            "package_name": "com.example.splashandlogin",
            "certificate_hash": "b68963df959c74e489c8bb90ea6e132dedc3eaa2"
          }
        },
        {
          "client_id": "449137705434-vqk8jm3uafin0l8j51ondamjssfpdrs8.apps.googleusercontent.com",
          "client_type": 3
        }
      ],
      "api_key": [
        {
          "current_key": "AIzaSyCM3cVmcG9gB2klPTa2Qm1AkvZwBsEtRYE"
        }
      ],
      "services": {
        "analytics_service": {
          "status": 1
        },
        "appinvite_service": {
          "status": 2,
          "other_platform_oauth_client": [
            {
              "client_id": "449137705434-vqk8jm3uafin0l8j51ondamjssfpdrs8.apps.googleusercontent.com",
              "client_type": 3
            }
          ]
        },
        "ads_service": {
          "status": 2
        }
      }
    }
  ],
  "configuration_version": "1"
}